,MSE,PayoffLoss,loss,val_MSE,val_PayoffLoss,val_loss
1,0.12065470218658447,0.10103047639131546,0.7239282727241516,0.0950424000620842,0.03667767718434334,0.570254385471344
