,loss,MSE,PayoffLoss,val_loss,val_MSE,val_PayoffLoss
1,0.5307159798712957,0.08843062818050385,0.037379294633865356,0.4168808760847364,0.0694814994931221,0.023630861192941666
2,0.2999462546571853,0.04996676743030548,0.017485888674855232,0.19084712316308702,0.03179636597633362,0.010823126882314682
3,0.13978126472121194,0.023291010409593582,0.008049116469919682,0.13276711064406804,0.02213960886001587,0.007597747724503279
4,0.11835659193027587,0.019725969061255455,0.00672683771699667,0.11134813896247318,0.018561530858278275,0.006338837556540966
5,0.11674262817076274,0.019453290849924088,0.006612750701606274,0.10555554080350059,0.017599130049347878,0.005839476361870766
