,loss,hydra_MSE,Payoff,val_loss,val_hydra_MSE,val_Payoff
1,0.02774486308109029,0.02774486131966114,0.010010586120188236,0.0008002965949179435,0.0008002968388609588,0.0003045439952984452
2,0.000546622491275019,0.0005466227303259075,0.000165797900990583,7.473229361494304e-05,7.473230652976781e-05,2.8559221391333267e-05
