,loss,hydra_MSE,Payoff,val_loss,val_hydra_MSE,val_Payoff
1,0.02773767578524984,0.027737649157643318,0.009982309304177761,0.0028838262729219753,0.0028838261496275663,0.0007696498068980873
2,0.00045725125233211407,0.0004572511534206569,0.0001388219534419477,0.0002630149397274098,0.0002630150120239705,6.869172648293898e-05
